w,Unit cell x-dimension (# of pixels),Unit cell y-dimension (# of pixels),Geometry encoding (Condensed 15),Geometry encoding (Condensed 25),"Geometry encoding (full, row-major)",Plane Stress/Plane Strain,C11 (sxx-exx),C12  (sxx-eyy),C22 (syy-eyy),C16  (sxx-exy),C26 (syy-exy),C66 (sxy-exy),Constituent Material CM0,CM0: C11,CM0: C12,CM0: C22,CM0: C16,CM0: C26,CM0: C66,Constituent Material CM1,CM1: C11,CM1: C12,CM1: C22,CM1: C16,CM1: C26,CM1: C66
C4v,10,10,000000000000000,,0000000000000000000000000000000000000000000000000000000000000000000000000000000000000000000000000000,Plane Strain,2963290579,1459531181,2963290579,0,0,751879699,Verowhite,2963290579,1459531181,2963290579,0,0,751879699,Tangleblack,34228188,32885906,34228188,0,0,671141
C4v,10,10,000000000000001,,1000000001000000000000000000000000000000000000000000000000000000000000000000000000000000001000000001,Plane Strain,2563908499,1191999318,2563908499,0,0,650861882,Verowhite,2963290579,1459531181,2963290579,0,0,751879699,Tangleblack,34228188,32885906,34228188,0,0,671141
C4v,10,10,000000000000010,,0100000010100000000100000000000000000000000000000000000000000000000000000000000010000000010100000010,Plane Strain,2147369267,962096152,2147369267,0,0,570022574,Verowhite,2963290579,1459531181,2963290579,0,0,751879699,Tangleblack,34228188,32885906,34228188,0,0,671141
C4v,10,10,000000000000011,,1100000011100000000100000000000000000000000000000000000000000000000000000000000010000000011100000011,Plane Strain,1958361478,842270394,1958361478,0,0,492121793,Verowhite,2963290579,1459531181,2963290579,0,0,751879699,Tangleblack,34228188,32885906,34228188,0,0,671141
C4v,10,10,000000000000100,,0000000000010000001000000000000000000000000000000000000000000000000000000000000001000000100000000000,Plane Strain,2583122450,1200650660,2583122450,0,0,649192588,Verowhite,2963290579,1459531181,2963290579,0,0,751879699,Tangleblack,34228188,32885906,34228188,0,0,671141
C4v,10,10,000000000000101,,1000000001010000001000000000000000000000000000000000000000000000000000000000000001000000101000000001,Plane Strain,2118296691,933665682,2118296691,0,0,567758206,Verowhite,2963290579,1459531181,2963290579,0,0,751879699,Tangleblack,34228188,32885906,34228188,0,0,671141
C4v,10,10,000000000000110,,0100000010110000001100000000000000000000000000000000000000000000000000000000000011000000110100000010,Plane Strain,1774353974,681658805,1774353974,0,0,373345277,Verowhite,2963290579,1459531181,2963290579,0,0,751879699,Tangleblack,34228188,32885906,34228188,0,0,671141
C4v,10,10,000000000000111,,1100000011110000001100000000000000000000000000000000000000000000000000000000000011000000111100000011,Plane Strain,1757946175,668809586,1757946175,0,0,372869153,Verowhite,2963290579,1459531181,2963290579,0,0,751879699,Tangleblack,34228188,32885906,34228188,0,0,671141
C4v,10,10,000000000001000,,0010000100000000000010000000010000000000000000000000000000000000000000100000000100000000000010000100,Plane Strain,2188820448,969563557,2188820448,0,0,576868567,Verowhite,2963290579,1459531181,2963290579,0,0,751879699,Tangleblack,34228188,32885906,34228188,0,0,671141
C4v,10,10,000000000001001,,1010000101000000000010000000010000000000000000000000000000000000000000100000000100000000001010000101,Plane Strain,2027847623,827744115,2027847623,0,0,395176933,Verowhite,2963290579,1459531181,2963290579,0,0,751879699,Tangleblack,34228188,32885906,34228188,0,0,671141
C4v,10,10,000000000001010,,0110000110100000000110000000010000000000000000000000000000000000000000100000000110000000010110000110,Plane Strain,1603778306,655129172,1603778306,0,0,422943287,Verowhite,2963290579,1459531181,2963290579,0,0,751879699,Tangleblack,34228188,32885906,34228188,0,0,671141
C4v,10,10,000000000001011,,1110000111100000000110000000010000000000000000000000000000000000000000100000000110000000011110000111,Plane Strain,1362329456,505595991,1362329456,0,0,311746562,Verowhite,2963290579,1459531181,2963290579,0,0,751879699,Tangleblack,34228188,32885906,34228188,0,0,671141
C4v,10,10,000000000001100,,0010000100010000001010000000010000000000000000000000000000000000000000100000000101000000100010000100,Plane Strain,1784651367,770393988,1784651367,0,0,499401240,Verowhite,2963290579,1459531181,2963290579,0,0,751879699,Tangleblack,34228188,32885906,34228188,0,0,671141
C4v,10,10,000000000001101,,1010000101010000001010000000010000000000000000000000000000000000000000100000000101000000101010000101,Plane Strain,1674471976,693754458,1674471976,0,0,368040739,Verowhite,2963290579,1459531181,2963290579,0,0,751879699,Tangleblack,34228188,32885906,34228188,0,0,671141
C4v,10,10,000000000001110,,0110000110110000001110000000010000000000000000000000000000000000000000100000000111000000110110000110,Plane Strain,1356670223,503431323,1356670223,0,0,298835044,Verowhite,2963290579,1459531181,2963290579,0,0,751879699,Tangleblack,34228188,32885906,34228188,0,0,671141
C4v,10,10,000000000001111,,1110000111110000001110000000010000000000000000000000000000000000000000100000000111000000111110000111,Plane Strain,1346372164,493664291,1346372164,0,0,297588863,Verowhite,2963290579,1459531181,2963290579,0,0,751879699,Tangleblack,34228188,32885906,34228188,0,0,671141
C4v,10,10,000000000010000,,0000000000001000010001000000100000000000000000000000000000000000000000010000001000100001000000000000,Plane Strain,2204651722,980844247,2204651722,0,0,575527901,Verowhite,2963290579,1459531181,2963290579,0,0,751879699,Tangleblack,34228188,32885906,34228188,0,0,671141
C4v,10,10,000000000010001,,1000000001001000010001000000100000000000000000000000000000000000000000010000001000100001001000000001,Plane Strain,1911644561,844338157,1911644561,0,0,524099006,Verowhite,2963290579,1459531181,2963290579,0,0,751879699,Tangleblack,34228188,32885906,34228188,0,0,671141
C4v,10,10,000000000010010,,0100000010101000010101000000100000000000000000000000000000000000000000010000001010100001010100000010,Plane Strain,1570029966,637172543,1570029966,0,0,431397823,Verowhite,2963290579,1459531181,2963290579,0,0,751879699,Tangleblack,34228188,32885906,34228188,0,0,671141
C4v,10,10,000000000010011,,1100000011101000010101000000100000000000000000000000000000000000000000010000001010100001011100000011,Plane Strain,1436543138,553733014,1436543138,0,0,357907352,Verowhite,2963290579,1459531181,2963290579,0,0,751879699,Tangleblack,34228188,32885906,34228188,0,0,671141
C4v,10,10,000000000010100,,0000000000011000011001000000100000000000000000000000000000000000000000010000001001100001100000000000,Plane Strain,1907234228,775695901,1907234228,0,0,433931659,Verowhite,2963290579,1459531181,2963290579,0,0,751879699,Tangleblack,34228188,32885906,34228188,0,0,671141
C4v,10,10,000000000010101,,1000000001011000011001000000100000000000000000000000000000000000000000010000001001100001101000000001,Plane Strain,1530347496,631460751,1530347496,0,0,411435598,Verowhite,2963290579,1459531181,2963290579,0,0,751879699,Tangleblack,34228188,32885906,34228188,0,0,671141
C4v,10,10,000000000010110,,0100000010111000011101000000100000000000000000000000000000000000000000010000001011100001110100000010,Plane Strain,1224752445,403019890,1224752445,0,0,184059649,Verowhite,2963290579,1459531181,2963290579,0,0,751879699,Tangleblack,34228188,32885906,34228188,0,0,671141
C4v,10,10,000000000010111,,1100000011111000011101000000100000000000000000000000000000000000000000010000001011100001111100000011,Plane Strain,1209337558,393973663,1209337558,0,0,184006559,Verowhite,2963290579,1459531181,2963290579,0,0,751879699,Tangleblack,34228188,32885906,34228188,0,0,671141
C4v,10,10,000000000011000,,0010000100001000010011000000110000000000000000000000000000000000000000110000001100100001000010000100,Plane Strain,1419078908,527016095,1419078908,0,0,329868710,Verowhite,2963290579,1459531181,2963290579,0,0,751879699,Tangleblack,34228188,32885906,34228188,0,0,671141
C4v,10,10,000000000011001,,1010000101001000010011000000110000000000000000000000000000000000000000110000001100100001001010000101,Plane Strain,1400139051,509331713,1400139051,0,0,249779398,Verowhite,2963290579,1459531181,2963290579,0,0,751879699,Tangleblack,34228188,32885906,34228188,0,0,671141
C4v,10,10,000000000011010,,0110000110101000010111000000110000000000000000000000000000000000000000110000001110100001010110000110,Plane Strain,1287229760,487085180,1287229760,0,0,278459199,Verowhite,2963290579,1459531181,2963290579,0,0,751879699,Tangleblack,34228188,32885906,34228188,0,0,671141
C4v,10,10,000000000011011,,1110000111101000010111000000110000000000000000000000000000000000000000110000001110100001011110000111,Plane Strain,1180991046,382040422,1180991046,0,0,179972302,Verowhite,2963290579,1459531181,2963290579,0,0,751879699,Tangleblack,34228188,32885906,34228188,0,0,671141
C4v,10,10,000000000011100,,0010000100011000011011000000110000000000000000000000000000000000000000110000001101100001100010000100,Plane Strain,1203204159,398923320,1203204159,0,0,184909207,Verowhite,2963290579,1459531181,2963290579,0,0,751879699,Tangleblack,34228188,32885906,34228188,0,0,671141
C4v,10,10,000000000011101,,1010000101011000011011000000110000000000000000000000000000000000000000110000001101100001101010000101,Plane Strain,1200755141,397143451,1200755141,0,0,182012200,Verowhite,2963290579,1459531181,2963290579,0,0,751879699,Tangleblack,34228188,32885906,34228188,0,0,671141
C4v,10,10,000000000011110,,0110000110111000011111000000110000000000000000000000000000000000000000110000001111100001110110000110,Plane Strain,1178666089,380949183,1178666089,0,0,178496971,Verowhite,2963290579,1459531181,2963290579,0,0,751879699,Tangleblack,34228188,32885906,34228188,0,0,671141
C4v,10,10,000000000011111,,1110000111111000011111000000110000000000000000000000000000000000000000110000001111100001111110000111,Plane Strain,1171812925,374540303,1171812925,0,0,178128211,Verowhite,2963290579,1459531181,2963290579,0,0,751879699,Tangleblack,34228188,32885906,34228188,0,0,671141
C4v,10,10,000000000100000,,0000000000000000000000100001000000000000000000000000000000000000000000001000010000000000000000000000,Plane Strain,2579118682,1203244538,2579118682,0,0,657404769,Verowhite,2963290579,1459531181,2963290579,0,0,751879699,Tangleblack,34228188,32885906,34228188,0,0,671141
C4v,10,10,000000000100001,,1000000001000000000000100001000000000000000000000000000000000000000000001000010000000000001000000001,Plane Strain,2225773098,1003133336,2225773098,0,0,595297596,Verowhite,2963290579,1459531181,2963290579,0,0,751879699,Tangleblack,34228188,32885906,34228188,0,0,671141
C4v,10,10,000000000100010,,0100000010100000000100100001000000000000000000000000000000000000000000001000010010000000010100000010,Plane Strain,1858954514,804460439,1858954514,0,0,503610811,Verowhite,2963290579,1459531181,2963290579,0,0,751879699,Tangleblack,34228188,32885906,34228188,0,0,671141
C4v,10,10,000000000100011,,1100000011100000000100100001000000000000000000000000000000000000000000001000010010000000011100000011,Plane Strain,1678715709,706325350,1678715709,0,0,445881773,Verowhite,2963290579,1459531181,2963290579,0,0,751879699,Tangleblack,34228188,32885906,34228188,0,0,671141
C4v,10,10,000000000100100,,0000000000010000001000100001000000000000000000000000000000000000000000001000010001000000100000000000,Plane Strain,2200388033,978369378,2200388033,0,0,575995770,Verowhite,2963290579,1459531181,2963290579,0,0,751879699,Tangleblack,34228188,32885906,34228188,0,0,671141
C4v,10,10,000000000100101,,1000000001010000001000100001000000000000000000000000000000000000000000001000010001000000101000000001,Plane Strain,1749229940,753480208,1749229940,0,0,507234700,Verowhite,2963290579,1459531181,2963290579,0,0,751879699,Tangleblack,34228188,32885906,34228188,0,0,671141
C4v,10,10,000000000100110,,0100000010110000001100100001000000000000000000000000000000000000000000001000010011000000110100000010,Plane Strain,1430838699,514749311,1430838699,0,0,296113351,Verowhite,2963290579,1459531181,2963290579,0,0,751879699,Tangleblack,34228188,32885906,34228188,0,0,671141
C4v,10,10,000000000100111,,1100000011110000001100100001000000000000000000000000000000000000000000001000010011000000111100000011,Plane Strain,1414797870,502940205,1414797870,0,0,295745338,Verowhite,2963290579,1459531181,2963290579,0,0,751879699,Tangleblack,34228188,32885906,34228188,0,0,671141
C4v,10,10,000000000101000,,0010000100000000000010100001010000000000000000000000000000000000000000101000010100000000000010000100,Plane Strain,1931691410,776148122,1931691410,0,0,433671987,Verowhite,2963290579,1459531181,2963290579,0,0,751879699,Tangleblack,34228188,32885906,34228188,0,0,671141
C4v,10,10,000000000101001,,1010000101000000000010100001010000000000000000000000000000000000000000101000010100000000001010000101,Plane Strain,1806552301,680739265,1806552301,0,0,314574285,Verowhite,2963290579,1459531181,2963290579,0,0,751879699,Tangleblack,34228188,32885906,34228188,0,0,671141
C4v,10,10,000000000101010,,0110000110100000000110100001010000000000000000000000000000000000000000101000010110000000010110000110,Plane Strain,1454136471,550340814,1454136471,0,0,326264539,Verowhite,2963290579,1459531181,2963290579,0,0,751879699,Tangleblack,34228188,32885906,34228188,0,0,671141
C4v,10,10,000000000101011,,1110000111100000000110100001010000000000000000000000000000000000000000101000010110000000011110000111,Plane Strain,1208748338,402103561,1208748338,0,0,245785524,Verowhite,2963290579,1459531181,2963290579,0,0,751879699,Tangleblack,34228188,32885906,34228188,0,0,671141
C4v,10,10,000000000101100,,0010000100010000001010100001010000000000000000000000000000000000000000101000010101000000100010000100,Plane Strain,1563515160,617957304,1563515160,0,0,400754815,Verowhite,2963290579,1459531181,2963290579,0,0,751879699,Tangleblack,34228188,32885906,34228188,0,0,671141
C4v,10,10,000000000101101,,1010000101010000001010100001010000000000000000000000000000000000000000101000010101000000101010000101,Plane Strain,1460413702,562422243,1460413702,0,0,285062987,Verowhite,2963290579,1459531181,2963290579,0,0,751879699,Tangleblack,34228188,32885906,34228188,0,0,671141
C4v,10,10,000000000101110,,0110000110110000001110100001010000000000000000000000000000000000000000101000010111000000110110000110,Plane Strain,1193250263,392810477,1193250263,0,0,230921118,Verowhite,2963290579,1459531181,2963290579,0,0,751879699,Tangleblack,34228188,32885906,34228188,0,0,671141
C4v,10,10,000000000101111,,1110000111110000001110100001010000000000000000000000000000000000000000101000010111000000111110000111,Plane Strain,1182907438,383331808,1182907438,0,0,229881659,Verowhite,2963290579,1459531181,2963290579,0,0,751879699,Tangleblack,34228188,32885906,34228188,0,0,671141
C4v,10,10,000000000110000,,0000000000001000010001100001100000000000000000000000000000000000000000011000011000100001000000000000,Plane Strain,1887005807,760885794,1887005807,0,0,443262657,Verowhite,2963290579,1459531181,2963290579,0,0,751879699,Tangleblack,34228188,32885906,34228188,0,0,671141
C4v,10,10,000000000110001,,1000000001001000010001100001100000000000000000000000000000000000000000011000011000100001001000000001,Plane Strain,1634717533,688642251,1634717533,0,0,433134135,Verowhite,2963290579,1459531181,2963290579,0,0,751879699,Tangleblack,34228188,32885906,34228188,0,0,671141
C4v,10,10,000000000110010,,0100000010101000010101100001100000000000000000000000000000000000000000011000011010100001010100000010,Plane Strain,1343925000,482918423,1343925000,0,0,332009126,Verowhite,2963290579,1459531181,2963290579,0,0,751879699,Tangleblack,34228188,32885906,34228188,0,0,671141
C4v,10,10,000000000110011,,1100000011101000010101100001100000000000000000000000000000000000000000011000011010100001011100000011,Plane Strain,1266732858,477346217,1266732858,0,0,299951465,Verowhite,2963290579,1459531181,2963290579,0,0,751879699,Tangleblack,34228188,32885906,34228188,0,0,671141
C4v,10,10,000000000110100,,0000000000011000011001100001100000000000000000000000000000000000000000011000011001100001100000000000,Plane Strain,1782711967,679368483,1782711967,0,0,360142533,Verowhite,2963290579,1459531181,2963290579,0,0,751879699,Tangleblack,34228188,32885906,34228188,0,0,671141
C4v,10,10,000000000110101,,1000000001011000011001100001100000000000000000000000000000000000000000011000011001100001101000000001,Plane Strain,1409080404,538446675,1409080404,0,0,340469818,Verowhite,2963290579,1459531181,2963290579,0,0,751879699,Tangleblack,34228188,32885906,34228188,0,0,671141
C4v,10,10,000000000110110,,0100000010111000011101100001100000000000000000000000000000000000000000011000011011100001110100000010,Plane Strain,1104874796,312061020,1104874796,0,0,118167223,Verowhite,2963290579,1459531181,2963290579,0,0,751879699,Tangleblack,34228188,32885906,34228188,0,0,671141
C4v,10,10,000000000110111,,1100000011111000011101100001100000000000000000000000000000000000000000011000011011100001111100000011,Plane Strain,1091666245,304618086,1091666245,0,0,117988939,Verowhite,2963290579,1459531181,2963290579,0,0,751879699,Tangleblack,34228188,32885906,34228188,0,0,671141
C4v,10,10,000000000111000,,0010000100001000010011100001110000000000000000000000000000000000000000111000011100100001000010000100,Plane Strain,1105778530,316208846,1105778530,0,0,115273647,Verowhite,2963290579,1459531181,2963290579,0,0,751879699,Tangleblack,34228188,32885906,34228188,0,0,671141
C4v,10,10,000000000111001,,1010000101001000010011100001110000000000000000000000000000000000000000111000011100100001001010000101,Plane Strain,1103885511,314853273,1103885511,0,0,114962829,Verowhite,2963290579,1459531181,2963290579,0,0,751879699,Tangleblack,34228188,32885906,34228188,0,0,671141
C4v,10,10,000000000111010,,0110000110101000010111100001110000000000000000000000000000000000000000111000011110100001010110000110,Plane Strain,1079442286,302815205,1079442286,0,0,114504482,Verowhite,2963290579,1459531181,2963290579,0,0,751879699,Tangleblack,34228188,32885906,34228188,0,0,671141
C4v,10,10,000000000111011,,1110000111101000010111100001110000000000000000000000000000000000000000111000011110100001011110000111,Plane Strain,1067619988,293090492,1067619988,0,0,111476885,Verowhite,2963290579,1459531181,2963290579,0,0,751879699,Tangleblack,34228188,32885906,34228188,0,0,671141
C4v,10,10,000000000111100,,0010000100011000011011100001110000000000000000000000000000000000000000111000011101100001100010000100,Plane Strain,1088595119,307969224,1088595119,0,0,114577628,Verowhite,2963290579,1459531181,2963290579,0,0,751879699,Tangleblack,34228188,32885906,34228188,0,0,671141
C4v,10,10,000000000111101,,1010000101011000011011100001110000000000000000000000000000000000000000111000011101100001101010000101,Plane Strain,1086566008,306484114,1086566008,0,0,113211767,Verowhite,2963290579,1459531181,2963290579,0,0,751879699,Tangleblack,34228188,32885906,34228188,0,0,671141
C4v,10,10,000000000111110,,0110000110111000011111100001110000000000000000000000000000000000000000111000011111100001110110000110,Plane Strain,1067453565,293060820,1067453565,0,0,111387430,Verowhite,2963290579,1459531181,2963290579,0,0,751879699,Tangleblack,34228188,32885906,34228188,0,0,671141
C4v,10,10,000000000111111,,1110000111111000011111100001110000000000000000000000000000000000000000111000011111100001111110000111,Plane Strain,1061172528,287646325,1061172528,0,0,111213295,Verowhite,2963290579,1459531181,2963290579,0,0,751879699,Tangleblack,34228188,32885906,34228188,0,0,671141
C4v,10,10,000000001000000,,0001001000000000000000000000001000000001000000000000000000001000000001000000000000000000000001001000,Plane Strain,2210386494,975858953,2210386494,0,0,570378274,Verowhite,2963290579,1459531181,2963290579,0,0,751879699,Tangleblack,34228188,32885906,34228188,0,0,671141
C4v,10,10,000000001000001,,1001001001000000000000000000001000000001000000000000000000001000000001000000000000000000001001001001,Plane Strain,2013068858,815649267,2013068858,0,0,408108645,Verowhite,2963290579,1459531181,2963290579,0,0,751879699,Tangleblack,34228188,32885906,34228188,0,0,671141
C4v,10,10,000000001000010,,0101001010100000000100000000001000000001000000000000000000001000000001000000000010000000010101001010,Plane Strain,1734232455,665004768,1734232455,0,0,341993348,Verowhite,2963290579,1459531181,2963290579,0,0,751879699,Tangleblack,34228188,32885906,34228188,0,0,671141
C4v,10,10,000000001000011,,1101001011100000000100000000001000000001000000000000000000001000000001000000000010000000011101001011,Plane Strain,1572227563,559701321,1572227563,0,0,222883206,Verowhite,2963290579,1459531181,2963290579,0,0,751879699,Tangleblack,34228188,32885906,34228188,0,0,671141
C4v,10,10,000000001000100,,0001001000010000001000000000001000000001000000000000000000001000000001000000000001000000100001001000,Plane Strain,1938035968,819664435,1938035968,0,0,501378390,Verowhite,2963290579,1459531181,2963290579,0,0,751879699,Tangleblack,34228188,32885906,34228188,0,0,671141
C4v,10,10,000000001000101,,1001001001010000001000000000001000000001000000000000000000001000000001000000000001000000101001001001,Plane Strain,1714993653,671929186,1714993653,0,0,375055164,Verowhite,2963290579,1459531181,2963290579,0,0,751879699,Tangleblack,34228188,32885906,34228188,0,0,671141
C4v,10,10,000000001000110,,0101001010110000001100000000001000000001000000000000000000001000000001000000000011000000110101001010,Plane Strain,1456968276,474480149,1456968276,0,0,184536831,Verowhite,2963290579,1459531181,2963290579,0,0,751879699,Tangleblack,34228188,32885906,34228188,0,0,671141
C4v,10,10,000000001000111,,1101001011110000001100000000001000000001000000000000000000001000000001000000000011000000111101001011,Plane Strain,1442366678,462382401,1442366678,0,0,183189457,Verowhite,2963290579,1459531181,2963290579,0,0,751879699,Tangleblack,34228188,32885906,34228188,0,0,671141
C4v,10,10,000000001001000,,0011001100000000000010000000011000000001000000000000000000001000000001100000000100000000000011001100,Plane Strain,1699397013,696372530,1699397013,0,0,451094831,Verowhite,2963290579,1459531181,2963290579,0,0,751879699,Tangleblack,34228188,32885906,34228188,0,0,671141
C4v,10,10,000000001001001,,1011001101000000000010000000011000000001000000000000000000001000000001100000000100000000001011001101,Plane Strain,1542270530,549006917,1542270530,0,0,229297258,Verowhite,2963290579,1459531181,2963290579,0,0,751879699,Tangleblack,34228188,32885906,34228188,0,0,671141
C4v,10,10,000000001001010,,0111001110100000000110000000011000000001000000000000000000001000000001100000000110000000010111001110,Plane Strain,1081527560,385410963,1081527560,0,0,269293852,Verowhite,2963290579,1459531181,2963290579,0,0,751879699,Tangleblack,34228188,32885906,34228188,0,0,671141
C4v,10,10,000000001001011,,1111001111100000000110000000011000000001000000000000000000001000000001100000000110000000011111001111,Plane Strain,827081515,239212788,827081515,0,0,131107987,Verowhite,2963290579,1459531181,2963290579,0,0,751879699,Tangleblack,34228188,32885906,34228188,0,0,671141
C4v,10,10,000000001001100,,0011001100010000001010000000011000000001000000000000000000001000000001100000000101000000100011001100,Plane Strain,1293253300,522455506,1293253300,0,0,366399675,Verowhite,2963290579,1459531181,2963290579,0,0,751879699,Tangleblack,34228188,32885906,34228188,0,0,671141
C4v,10,10,000000001001101,,1011001101010000001010000000011000000001000000000000000000001000000001100000000101000000101011001101,Plane Strain,1187948566,440175929,1187948566,0,0,193828308,Verowhite,2963290579,1459531181,2963290579,0,0,751879699,Tangleblack,34228188,32885906,34228188,0,0,671141
C4v,10,10,000000001001110,,0111001110110000001110000000011000000001000000000000000000001000000001100000000111000000110111001110,Plane Strain,823723970,242352461,823723970,0,0,132363251,Verowhite,2963290579,1459531181,2963290579,0,0,751879699,Tangleblack,34228188,32885906,34228188,0,0,671141
C4v,10,10,000000001001111,,1111001111110000001110000000011000000001000000000000000000001000000001100000000111000000111111001111,Plane Strain,813678387,233939468,813678387,0,0,130240205,Verowhite,2963290579,1459531181,2963290579,0,0,751879699,Tangleblack,34228188,32885906,34228188,0,0,671141
C4v,10,10,000000001010000,,0001001000001000010001000000101000000001000000000000000000001000000001010000001000100001000001001000,Plane Strain,1463547848,626330118,1463547848,0,0,443151931,Verowhite,2963290579,1459531181,2963290579,0,0,751879699,Tangleblack,34228188,32885906,34228188,0,0,671141
C4v,10,10,000000001010001,,1001001001001000010001000000101000000001000000000000000000001000000001010000001000100001001001001001,Plane Strain,1383190395,568394368,1383190395,0,0,350659150,Verowhite,2963290579,1459531181,2963290579,0,0,751879699,Tangleblack,34228188,32885906,34228188,0,0,671141
C4v,10,10,000000001010010,,0101001010101000010101000000101000000001000000000000000000001000000001010000001010100001010101001010,Plane Strain,1230288007,477437287,1230288007,0,0,302017049,Verowhite,2963290579,1459531181,2963290579,0,0,751879699,Tangleblack,34228188,32885906,34228188,0,0,671141
C4v,10,10,000000001010011,,1101001011101000010101000000101000000001000000000000000000001000000001010000001010100001011101001011,Plane Strain,1123513573,396845981,1123513573,0,0,192942087,Verowhite,2963290579,1459531181,2963290579,0,0,751879699,Tangleblack,34228188,32885906,34228188,0,0,671141
C4v,10,10,000000001010100,,0001001000011000011001000000101000000001000000000000000000001000000001010000001001100001100001001000,Plane Strain,1234155441,483810559,1234155441,0,0,338138656,Verowhite,2963290579,1459531181,2963290579,0,0,751879699,Tangleblack,34228188,32885906,34228188,0,0,671141
C4v,10,10,000000001010101,,1001001001011000011001000000101000000001000000000000000000001000000001010000001001100001101001001001,Plane Strain,1131473454,434562119,1131473454,0,0,313162429,Verowhite,2963290579,1459531181,2963290579,0,0,751879699,Tangleblack,34228188,32885906,34228188,0,0,671141
C4v,10,10,000000001010110,,0101001010111000011101000000101000000001000000000000000000001000000001010000001011100001110101001010,Plane Strain,936760571,280980453,936760571,0,0,119112094,Verowhite,2963290579,1459531181,2963290579,0,0,751879699,Tangleblack,34228188,32885906,34228188,0,0,671141
C4v,10,10,000000001010111,,1101001011111000011101000000101000000001000000000000000000001000000001010000001011100001111101001011,Plane Strain,921982785,270202369,921982785,0,0,118915893,Verowhite,2963290579,1459531181,2963290579,0,0,751879699,Tangleblack,34228188,32885906,34228188,0,0,671141
C4v,10,10,000000001011000,,0011001100001000010011000000111000000001000000000000000000001000000001110000001100100001000011001100,Plane Strain,1051292224,390234976,1051292224,0,0,264963758,Verowhite,2963290579,1459531181,2963290579,0,0,751879699,Tangleblack,34228188,32885906,34228188,0,0,671141
C4v,10,10,000000001011001,,1011001101001000010011000000111000000001000000000000000000001000000001110000001100100001001011001101,Plane Strain,1031123196,373498309,1031123196,0,0,185176731,Verowhite,2963290579,1459531181,2963290579,0,0,751879699,Tangleblack,34228188,32885906,34228188,0,0,671141
C4v,10,10,000000001011010,,0111001110101000010111000000111000000001000000000000000000001000000001110000001110100001010111001110,Plane Strain,921113373,343181697,921113373,0,0,213566517,Verowhite,2963290579,1459531181,2963290579,0,0,751879699,Tangleblack,34228188,32885906,34228188,0,0,671141
C4v,10,10,000000001011011,,1111001111101000010111000000111000000001000000000000000000001000000001110000001110100001011111001111,Plane Strain,803274032,226700431,803274032,0,0,115230170,Verowhite,2963290579,1459531181,2963290579,0,0,751879699,Tangleblack,34228188,32885906,34228188,0,0,671141
C4v,10,10,000000001011100,,0011001100011000011011000000111000000001000000000000000000001000000001110000001101100001100011001100,Plane Strain,816232380,241056763,816232380,0,0,123330066,Verowhite,2963290579,1459531181,2963290579,0,0,751879699,Tangleblack,34228188,32885906,34228188,0,0,671141
C4v,10,10,000000001011101,,1011001101011000011011000000111000000001000000000000000000001000000001110000001101100001101011001101,Plane Strain,814693214,239561881,814693214,0,0,119324228,Verowhite,2963290579,1459531181,2963290579,0,0,751879699,Tangleblack,34228188,32885906,34228188,0,0,671141
C4v,10,10,000000001011110,,0111001110111000011111000000111000000001000000000000000000001000000001110000001111100001110111001110,Plane Strain,798743072,225040009,798743072,0,0,115312666,Verowhite,2963290579,1459531181,2963290579,0,0,751879699,Tangleblack,34228188,32885906,34228188,0,0,671141
C4v,10,10,000000001011111,,1111001111111000011111000000111000000001000000000000000000001000000001110000001111100001111111001111,Plane Strain,792929643,219266087,792929643,0,0,114619123,Verowhite,2963290579,1459531181,2963290579,0,0,751879699,Tangleblack,34228188,32885906,34228188,0,0,671141
C4v,10,10,000000001100000,,0001001000000000000000100001001000000001000000000000000000001000000001001000010000000000000001001000,Plane Strain,1916948851,805016291,1916948851,0,0,503037567,Verowhite,2963290579,1459531181,2963290579,0,0,751879699,Tangleblack,34228188,32885906,34228188,0,0,671141
C4v,10,10,000000001100001,,1001001001000000000000100001001000000001000000000000000000001000000001001000010000000000001001001001,Plane Strain,1754398544,693259099,1754398544,0,0,385549394,Verowhite,2963290579,1459531181,2963290579,0,0,751879699,Tangleblack,34228188,32885906,34228188,0,0,671141
C4v,10,10,000000001100010,,0101001010100000000100100001001000000001000000000000000000001000000001001000010010000000010101001010,Plane Strain,1529077949,581046254,1529077949,0,0,313997862,Verowhite,2963290579,1459531181,2963290579,0,0,751879699,Tangleblack,34228188,32885906,34228188,0,0,671141
C4v,10,10,000000001100011,,1101001011100000000100100001001000000001000000000000000000001000000001001000010010000000011101001011,Plane Strain,1382464741,501579484,1382464741,0,0,213968182,Verowhite,2963290579,1459531181,2963290579,0,0,751879699,Tangleblack,34228188,32885906,34228188,0,0,671141
C4v,10,10,000000001100100,,0001001000010000001000100001001000000001000000000000000000001000000001001000010001000000100001001000,Plane Strain,1667579050,707632606,1667579050,0,0,462530172,Verowhite,2963290579,1459531181,2963290579,0,0,751879699,Tangleblack,34228188,32885906,34228188,0,0,671141
C4v,10,10,000000001100101,,1001001001010000001000100001001000000001000000000000000000001000000001001000010001000000101001001001,Plane Strain,1447684368,580580040,1447684368,0,0,355330135,Verowhite,2963290579,1459531181,2963290579,0,0,751879699,Tangleblack,34228188,32885906,34228188,0,0,671141
C4v,10,10,000000001100110,,0101001010110000001100100001001000000001000000000000000000001000000001001000010011000000110101001010,Plane Strain,1206433588,391475046,1206433588,0,0,164516036,Verowhite,2963290579,1459531181,2963290579,0,0,751879699,Tangleblack,34228188,32885906,34228188,0,0,671141
C4v,10,10,000000001100111,,1101001011110000001100100001001000000001000000000000000000001000000001001000010011000000111101001011,Plane Strain,1191848525,379822281,1191848525,0,0,163343962,Verowhite,2963290579,1459531181,2963290579,0,0,751879699,Tangleblack,34228188,32885906,34228188,0,0,671141
C4v,10,10,000000001101000,,0011001100000000000010100001011000000001000000000000000000001000000001101000010100000000000011001100,Plane Strain,1531195795,563539243,1531195795,0,0,353180558,Verowhite,2963290579,1459531181,2963290579,0,0,751879699,Tangleblack,34228188,32885906,34228188,0,0,671141
C4v,10,10,000000001101001,,1011001101000000000010100001011000000001000000000000000000001000000001101000010100000000001011001101,Plane Strain,1416089072,463925702,1416089072,0,0,197075678,Verowhite,2963290579,1459531181,2963290579,0,0,751879699,Tangleblack,34228188,32885906,34228188,0,0,671141
C4v,10,10,000000001101010,,0111001110100000000110100001011000000001000000000000000000001000000001101000010110000000010111001110,Plane Strain,1040865487,352181584,1040865487,0,0,222778312,Verowhite,2963290579,1459531181,2963290579,0,0,751879699,Tangleblack,34228188,32885906,34228188,0,0,671141
C4v,10,10,000000001101011,,1111001111100000000110100001011000000001000000000000000000001000000001101000010110000000011111001111,Plane Strain,796701470,214868262,796701470,0,0,113227451,Verowhite,2963290579,1459531181,2963290579,0,0,751879699,Tangleblack,34228188,32885906,34228188,0,0,671141
C4v,10,10,000000001101100,,0011001100010000001010100001011000000001000000000000000000001000000001101000010101000000100011001100,Plane Strain,1205035175,463567562,1205035175,0,0,308510006,Verowhite,2963290579,1459531181,2963290579,0,0,751879699,Tangleblack,34228188,32885906,34228188,0,0,671141
C4v,10,10,000000001101101,,1011001101010000001010100001011000000001000000000000000000001000000001101000010101000000101011001101,Plane Strain,1108025666,396905866,1108025666,0,0,157128063,Verowhite,2963290579,1459531181,2963290579,0,0,751879699,Tangleblack,34228188,32885906,34228188,0,0,671141
C4v,10,10,000000001101110,,0111001110110000001110100001011000000001000000000000000000001000000001101000010111000000110111001110,Plane Strain,791931816,216735518,791931816,0,0,113373162,Verowhite,2963290579,1459531181,2963290579,0,0,751879699,Tangleblack,34228188,32885906,34228188,0,0,671141
C4v,10,10,000000001101111,,1111001111110000001110100001011000000001000000000000000000001000000001101000010111000000111111001111,Plane Strain,782298048,208409155,782298048,0,0,111469878,Verowhite,2963290579,1459531181,2963290579,0,0,751879699,Tangleblack,34228188,32885906,34228188,0,0,671141
C4v,10,10,000000001110000,,0001001000001000010001100001101000000001000000000000000000001000000001011000011000100001000001001000,Plane Strain,1201298874,457553664,1201298874,0,0,336393683,Verowhite,2963290579,1459531181,2963290579,0,0,751879699,Tangleblack,34228188,32885906,34228188,0,0,671141
C4v,10,10,000000001110001,,1001001001001000010001100001101000000001000000000000000000001000000001011000011000100001001001001001,Plane Strain,1147164529,436105797,1147164529,0,0,309940486,Verowhite,2963290579,1459531181,2963290579,0,0,751879699,Tangleblack,34228188,32885906,34228188,0,0,671141
C4v,10,10,000000001110010,,0101001010101000010101100001101000000001000000000000000000001000000001011000011010100001010101001010,Plane Strain,1045809744,363981715,1045809744,0,0,243074364,Verowhite,2963290579,1459531181,2963290579,0,0,751879699,Tangleblack,34228188,32885906,34228188,0,0,671141
C4v,10,10,000000001110011,,1101001011101000010101100001101000000001000000000000000000001000000001011000011010100001011101001011,Plane Strain,1000586561,360212158,1000586561,0,0,172748616,Verowhite,2963290579,1459531181,2963290579,0,0,751879699,Tangleblack,34228188,32885906,34228188,0,0,671141
C4v,10,10,000000001110100,,0001001000011000011001100001101000000001000000000000000000001000000001011000011001100001100001001000,Plane Strain,1176677669,439541440,1176677669,0,0,295771104,Verowhite,2963290579,1459531181,2963290579,0,0,751879699,Tangleblack,34228188,32885906,34228188,0,0,671141
C4v,10,10,000000001110101,,1001001001011000011001100001101000000001000000000000000000001000000001011000011001100001101001001001,Plane Strain,1073987261,390876643,1073987261,0,0,278463581,Verowhite,2963290579,1459531181,2963290579,0,0,751879699,Tangleblack,34228188,32885906,34228188,0,0,671141
C4v,10,10,000000001110110,,0101001010111000011101100001101000000001000000000000000000001000000001011000011011100001110101001010,Plane Strain,877705435,236429733,877705435,0,0,89728744,Verowhite,2963290579,1459531181,2963290579,0,0,751879699,Tangleblack,34228188,32885906,34228188,0,0,671141
C4v,10,10,000000001110111,,1101001011111000011101100001101000000001000000000000000000001000000001011000011011100001111101001011,Plane Strain,865285790,227599906,865285790,0,0,89694441,Verowhite,2963290579,1459531181,2963290579,0,0,751879699,Tangleblack,34228188,32885906,34228188,0,0,671141
C4v,10,10,000000001111000,,0011001100001000010011100001111000000001000000000000000000001000000001111000011100100001000011001100,Plane Strain,790653892,214061611,790653892,0,0,90175608,Verowhite,2963290579,1459531181,2963290579,0,0,751879699,Tangleblack,34228188,32885906,34228188,0,0,671141
C4v,10,10,000000001111001,,1011001101001000010011100001111000000001000000000000000000001000000001111000011100100001001011001101,Plane Strain,789503053,212993563,789503053,0,0,89772597,Verowhite,2963290579,1459531181,2963290579,0,0,751879699,Tangleblack,34228188,32885906,34228188,0,0,671141
C4v,10,10,000000001111010,,0111001110101000010111100001111000000001000000000000000000001000000001111000011110100001010111001110,Plane Strain,773808123,202016486,773808123,0,0,89352597,Verowhite,2963290579,1459531181,2963290579,0,0,751879699,Tangleblack,34228188,32885906,34228188,0,0,671141
C4v,10,10,000000001111011,,1111001111101000010111100001111000000001000000000000000000001000000001111000011110100001011111001111,Plane Strain,764712028,193985049,764712028,0,0,84600745,Verowhite,2963290579,1459531181,2963290579,0,0,751879699,Tangleblack,34228188,32885906,34228188,0,0,671141
C4v,10,10,000000001111100,,0011001100011000011011100001111000000001000000000000000000001000000001111000011101100001100011001100,Plane Strain,778393268,207959183,778393268,0,0,89278260,Verowhite,2963290579,1459531181,2963290579,0,0,751879699,Tangleblack,34228188,32885906,34228188,0,0,671141
C4v,10,10,000000001111101,,1011001101011000011011100001111000000001000000000000000000001000000001111000011101100001101011001101,Plane Strain,777106757,206738086,777106757,0,0,87189198,Verowhite,2963290579,1459531181,2963290579,0,0,751879699,Tangleblack,34228188,32885906,34228188,0,0,671141
C4v,10,10,000000001111110,,0111001110111000011111100001111000000001000000000000000000001000000001111000011111100001110111001110,Plane Strain,763740158,194876484,763740158,0,0,84831831,Verowhite,2963290579,1459531181,2963290579,0,0,751879699,Tangleblack,34228188,32885906,34228188,0,0,671141
C4v,10,10,000000001111111,,1111001111111000011111100001111000000001000000000000000000001000000001111000011111100001111111001111,Plane Strain,758799716,190016389,758799716,0,0,84428725,Verowhite,2963290579,1459531181,2963290579,0,0,751879699,Tangleblack,34228188,32885906,34228188,0,0,671141
C4v,10,10,000000010000000,,0000000000000100100000000000000100000010000000000000000000000100000010000000000000010010000000000000,Plane Strain,2256750215,1005665945,2256750215,0,0,584359080,Verowhite,2963290579,1459531181,2963290579,0,0,751879699,Tangleblack,34228188,32885906,34228188,0,0,671141
C4v,10,10,000000010000001,,1000000001000100100000000000000100000010000000000000000000000100000010000000000000010010001000000001,Plane Strain,1982393735,836011610,1982393735,0,0,498381863,Verowhite,2963290579,1459531181,2963290579,0,0,751879699,Tangleblack,34228188,32885906,34228188,0,0,671141
C4v,10,10,000000010000010,,0100000010100100100100000000000100000010000000000000000000000100000010000000000010010010010100000010,Plane Strain,1661310271,679642110,1661310271,0,0,441289308,Verowhite,2963290579,1459531181,2963290579,0,0,751879699,Tangleblack,34228188,32885906,34228188,0,0,671141
C4v,10,10,000000010000011,,1100000011100100100100000000000100000010000000000000000000000100000010000000000010010010011100000011,Plane Strain,1512097409,585632378,1512097409,0,0,363373272,Verowhite,2963290579,1459531181,2963290579,0,0,751879699,Tangleblack,34228188,32885906,34228188,0,0,671141
C4v,10,10,000000010000100,,0000000000010100101000000000000100000010000000000000000000000100000010000000000001010010100000000000,Plane Strain,2014417329,829434683,2014417329,0,0,459714160,Verowhite,2963290579,1459531181,2963290579,0,0,751879699,Tangleblack,34228188,32885906,34228188,0,0,671141
C4v,10,10,000000010000101,,1000000001010100101000000000000100000010000000000000000000000100000010000000000001010010101000000001,Plane Strain,1666172175,650606025,1666172175,0,0,405951341,Verowhite,2963290579,1459531181,2963290579,0,0,751879699,Tangleblack,34228188,32885906,34228188,0,0,671141
C4v,10,10,000000010000110,,0100000010110100101100000000000100000010000000000000000000000100000010000000000011010010110100000010,Plane Strain,1373259635,454437597,1373259635,0,0,238023003,Verowhite,2963290579,1459531181,2963290579,0,0,751879699,Tangleblack,34228188,32885906,34228188,0,0,671141
C4v,10,10,000000010000111,,1100000011110100101100000000000100000010000000000000000000000100000010000000000011010010111100000011,Plane Strain,1358808477,443489529,1358808477,0,0,237573212,Verowhite,2963290579,1459531181,2963290579,0,0,751879699,Tangleblack,34228188,32885906,34228188,0,0,671141
C4v,10,10,000000010001000,,0010000100000100100010000000010100000010000000000000000000000100000010100000000100010010000010000100,Plane Strain,1580782189,693781087,1580782189,0,0,466464528,Verowhite,2963290579,1459531181,2963290579,0,0,751879699,Tangleblack,34228188,32885906,34228188,0,0,671141
C4v,10,10,000000010001001,,1010000101000100100010000000010100000010000000000000000000000100000010100000000100010010001010000101,Plane Strain,1475558542,590203089,1475558542,0,0,296783229,Verowhite,2963290579,1459531181,2963290579,0,0,751879699,Tangleblack,34228188,32885906,34228188,0,0,671141
C4v,10,10,000000010001010,,0110000110100100100110000000010100000010000000000000000000000100000010100000000110010010010110000110,Plane Strain,1154677180,435814261,1154677180,0,0,325141749,Verowhite,2963290579,1459531181,2963290579,0,0,751879699,Tangleblack,34228188,32885906,34228188,0,0,671141
C4v,10,10,000000010001011,,1110000111100100100110000000010100000010000000000000000000000100000010100000000110010010011110000111,Plane Strain,946335452,285249387,946335452,0,0,208938452,Verowhite,2963290579,1459531181,2963290579,0,0,751879699,Tangleblack,34228188,32885906,34228188,0,0,671141
C4v,10,10,000000010001100,,0010000100010100101010000000010100000010000000000000000000000100000010100000000101010010100010000100,Plane Strain,1310961222,535513069,1310961222,0,0,379141200,Verowhite,2963290579,1459531181,2963290579,0,0,751879699,Tangleblack,34228188,32885906,34228188,0,0,671141
C4v,10,10,000000010001101,,1010000101010100101010000000010100000010000000000000000000000100000010100000000101010010101010000101,Plane Strain,1232304237,467607948,1232304237,0,0,269859396,Verowhite,2963290579,1459531181,2963290579,0,0,751879699,Tangleblack,34228188,32885906,34228188,0,0,671141
C4v,10,10,000000010001110,,0110000110110100101110000000010100000010000000000000000000000100000010100000000111010010110110000110,Plane Strain,942426368,284143459,942426368,0,0,192228709,Verowhite,2963290579,1459531181,2963290579,0,0,751879699,Tangleblack,34228188,32885906,34228188,0,0,671141
C4v,10,10,000000010001111,,1110000111110100101110000000010100000010000000000000000000000100000010100000000111010010111110000111,Plane Strain,932462781,274544869,932462781,0,0,191122170,Verowhite,2963290579,1459531181,2963290579,0,0,751879699,Tangleblack,34228188,32885906,34228188,0,0,671141
C4v,10,10,000000010010000,,0000000000001100110001000000100100000010000000000000000000000100000010010000001000110011000000000000,Plane Strain,1568252641,605568383,1568252641,0,0,390143445,Verowhite,2963290579,1459531181,2963290579,0,0,751879699,Tangleblack,34228188,32885906,34228188,0,0,671141
C4v,10,10,000000010010001,,1000000001001100110001000000100100000010000000000000000000000100000010010000001000110011001000000001,Plane Strain,1336893410,530428337,1336893410,0,0,359157384,Verowhite,2963290579,1459531181,2963290579,0,0,751879699,Tangleblack,34228188,32885906,34228188,0,0,671141
C4v,10,10,000000010010010,,0100000010101100110101000000100100000010000000000000000000000100000010010000001010110011010100000010,Plane Strain,1057047685,397876677,1057047685,0,0,307359763,Verowhite,2963290579,1459531181,2963290579,0,0,751879699,Tangleblack,34228188,32885906,34228188,0,0,671141
C4v,10,10,000000010010011,,1100000011101100110101000000100100000010000000000000000000000100000010010000001010110011011100000011,Plane Strain,922324809,314052087,922324809,0,0,248052892,Verowhite,2963290579,1459531181,2963290579,0,0,751879699,Tangleblack,34228188,32885906,34228188,0,0,671141
C4v,10,10,000000010010100,,0000000000011100111001000000100100000010000000000000000000000100000010010000001001110011100000000000,Plane Strain,1266015104,413998505,1266015104,0,0,227382091,Verowhite,2963290579,1459531181,2963290579,0,0,751879699,Tangleblack,34228188,32885906,34228188,0,0,671141
C4v,10,10,000000010010101,,1000000001011100111001000000100100000010000000000000000000000100000010010000001001110011101000000001,Plane Strain,969814756,354981266,969814756,0,0,217087170,Verowhite,2963290579,1459531181,2963290579,0,0,751879699,Tangleblack,34228188,32885906,34228188,0,0,671141
C4v,10,10,000000010010110,,0100000010111100111101000000100100000010000000000000000000000100000010010000001011110011110100000010,Plane Strain,724657677,192399709,724657677,0,0,65533812,Verowhite,2963290579,1459531181,2963290579,0,0,751879699,Tangleblack,34228188,32885906,34228188,0,0,671141
C4v,10,10,000000010010111,,1100000011111100111101000000100100000010000000000000000000000100000010010000001011110011111100000011,Plane Strain,710074753,185710539,710074753,0,0,65031736,Verowhite,2963290579,1459531181,2963290579,0,0,751879699,Tangleblack,34228188,32885906,34228188,0,0,671141
C4v,10,10,000000010011000,,0010000100001100110011000000110100000010000000000000000000000100000010110000001100110011000010000100,Plane Strain,953282363,334636815,953282363,0,0,201794077,Verowhite,2963290579,1459531181,2963290579,0,0,751879699,Tangleblack,34228188,32885906,34228188,0,0,671141
C4v,10,10,000000010011001,,1010000101001100110011000000110100000010000000000000000000000100000010110000001100110011001010000101,Plane Strain,933371598,317977585,933371598,0,0,124347465,Verowhite,2963290579,1459531181,2963290579,0,0,751879699,Tangleblack,34228188,32885906,34228188,0,0,671141
C4v,10,10,000000010011010,,0110000110101100110111000000110100000010000000000000000000000100000010110000001110110011010110000110,Plane Strain,815174541,297816316,815174541,0,0,152375195,Verowhite,2963290579,1459531181,2963290579,0,0,751879699,Tangleblack,34228188,32885906,34228188,0,0,671141
C4v,10,10,000000010011011,,1110000111101100110111000000110100000010000000000000000000000100000010110000001110110011011110000111,Plane Strain,699553226,182907809,699553226,0,0,56166735,Verowhite,2963290579,1459531181,2963290579,0,0,751879699,Tangleblack,34228188,32885906,34228188,0,0,671141
C4v,10,10,000000010011100,,0010000100011100111011000000110100000010000000000000000000000100000010110000001101110011100010000100,Plane Strain,717688602,197797554,717688602,0,0,54393991,Verowhite,2963290579,1459531181,2963290579,0,0,751879699,Tangleblack,34228188,32885906,34228188,0,0,671141
C4v,10,10,000000010011101,,1010000101011100111011000000110100000010000000000000000000000100000010110000001101110011101010000101,Plane Strain,715818892,196233863,715818892,0,0,53631937,Verowhite,2963290579,1459531181,2963290579,0,0,751879699,Tangleblack,34228188,32885906,34228188,0,0,671141
C4v,10,10,000000010011110,,0110000110111100111111000000110100000010000000000000000000000100000010110000001111110011110110000110,Plane Strain,696754194,182004392,696754194,0,0,51784531,Verowhite,2963290579,1459531181,2963290579,0,0,751879699,Tangleblack,34228188,32885906,34228188,0,0,671141
C4v,10,10,000000010011111,,1110000111111100111111000000110100000010000000000000000000000100000010110000001111110011111110000111,Plane Strain,690438464,175767434,690438464,0,0,51716875,Verowhite,2963290579,1459531181,2963290579,0,0,751879699,Tangleblack,34228188,32885906,34228188,0,0,671141
C4v,10,10,000000010100000,,0000000000000100100000100001000100000010000000000000000000000100000010001000010000010010000000000000,Plane Strain,1852132127,794512265,1852132127,0,0,511524143,Verowhite,2963290579,1459531181,2963290579,0,0,751879699,Tangleblack,34228188,32885906,34228188,0,0,671141
C4v,10,10,000000010100001,,1000000001000100100000100001000100000010000000000000000000000100000010001000010000010010001000000001,Plane Strain,1634439989,705480326,1634439989,0,0,466586495,Verowhite,2963290579,1459531181,2963290579,0,0,751879699,Tangleblack,34228188,32885906,34228188,0,0,671141
C4v,10,10,000000010100010,,0100000010100100100100100001000100000010000000000000000000000100000010001000010010010010010100000010,Plane Strain,1384162051,593154932,1384162051,0,0,412984205,Verowhite,2963290579,1459531181,2963290579,0,0,751879699,Tangleblack,34228188,32885906,34228188,0,0,671141
C4v,10,10,000000010100011,,1100000011100100100100100001000100000010000000000000000000000100000010001000010010010010011100000011,Plane Strain,1266713847,542191056,1266713847,0,0,355342332,Verowhite,2963290579,1459531181,2963290579,0,0,751879699,Tangleblack,34228188,32885906,34228188,0,0,671141
C4v,10,10,000000010100100,,0000000000010100101000100001000100000010000000000000000000000100000010001000010001010010100000000000,Plane Strain,1661545610,677319314,1661545610,0,0,432618543,Verowhite,2963290579,1459531181,2963290579,0,0,751879699,Tangleblack,34228188,32885906,34228188,0,0,671141
C4v,10,10,000000010100101,,1000000001010100101000100001000100000010000000000000000000000100000010001000010001010010101000000001,Plane Strain,1338020336,553774441,1338020336,0,0,390364246,Verowhite,2963290579,1459531181,2963290579,0,0,751879699,Tangleblack,34228188,32885906,34228188,0,0,671141
C4v,10,10,000000010100110,,0100000010110100101100100001000100000010000000000000000000000100000010001000010011010010110100000010,Plane Strain,1083342713,380985725,1083342713,0,0,213112341,Verowhite,2963290579,1459531181,2963290579,0,0,751879699,Tangleblack,34228188,32885906,34228188,0,0,671141
C4v,10,10,000000010100111,,1100000011110100101100100001000100000010000000000000000000000100000010001000010011010010111100000011,Plane Strain,1070324688,372326053,1070324688,0,0,212569198,Verowhite,2963290579,1459531181,2963290579,0,0,751879699,Tangleblack,34228188,32885906,34228188,0,0,671141
C4v,10,10,000000010101000,,0010000100000100100010100001010100000010000000000000000000000100000010101000010100010010000010000100,Plane Strain,1309346827,520430541,1309346827,0,0,366946666,Verowhite,2963290579,1459531181,2963290579,0,0,751879699,Tangleblack,34228188,32885906,34228188,0,0,671141
C4v,10,10,000000010101001,,1010000101000100100010100001010100000010000000000000000000000100000010101000010100010010001010000101,Plane Strain,1255710818,472471557,1255710818,0,0,264624075,Verowhite,2963290579,1459531181,2963290579,0,0,751879699,Tangleblack,34228188,32885906,34228188,0,0,671141
C4v,10,10,000000010101010,,0110000110100100100110100001010100000010000000000000000000000100000010101000010110010010010110000110,Plane Strain,1059233524,397674815,1059233524,0,0,277989402,Verowhite,2963290579,1459531181,2963290579,0,0,751879699,Tangleblack,34228188,32885906,34228188,0,0,671141
C4v,10,10,000000010101011,,1110000111100100100110100001010100000010000000000000000000000100000010101000010110010010011110000111,Plane Strain,881159152,279475122,881159152,0,0,191088454,Verowhite,2963290579,1459531181,2963290579,0,0,751879699,Tangleblack,34228188,32885906,34228188,0,0,671141
C4v,10,10,000000010101100,,0010000100010100101010100001010100000010000000000000000000000100000010101000010101010010100010000100,Plane Strain,1141035019,449119635,1141035019,0,0,339034242,Verowhite,2963290579,1459531181,2963290579,0,0,751879699,Tangleblack,34228188,32885906,34228188,0,0,671141
C4v,10,10,000000010101101,,1010000101010100101010100001010100000010000000000000000000000100000010101000010101010010101010000101,Plane Strain,1080165521,408600054,1080165521,0,0,236997993,Verowhite,2963290579,1459531181,2963290579,0,0,751879699,Tangleblack,34228188,32885906,34228188,0,0,671141
C4v,10,10,000000010101110,,0110000110110100101110100001010100000010000000000000000000000100000010101000010111010010110110000110,Plane Strain,872802504,273890934,872802504,0,0,176954757,Verowhite,2963290579,1459531181,2963290579,0,0,751879699,Tangleblack,34228188,32885906,34228188,0,0,671141
C4v,10,10,000000010101111,,1110000111110100101110100001010100000010000000000000000000000100000010101000010111010010111110000111,Plane Strain,863438478,265334300,863438478,0,0,175846840,Verowhite,2963290579,1459531181,2963290579,0,0,751879699,Tangleblack,34228188,32885906,34228188,0,0,671141
C4v,10,10,000000010110000,,0000000000001100110001100001100100000010000000000000000000000100000010011000011000110011000000000000,Plane Strain,1323668723,459635582,1323668723,0,0,272579324,Verowhite,2963290579,1459531181,2963290579,0,0,751879699,Tangleblack,34228188,32885906,34228188,0,0,671141
C4v,10,10,000000010110001,,1000000001001100110001100001100100000010000000000000000000000100000010011000011000110011001000000001,Plane Strain,1128883500,446875121,1128883500,0,0,271374313,Verowhite,2963290579,1459531181,2963290579,0,0,751879699,Tangleblack,34228188,32885906,34228188,0,0,671141
C4v,10,10,000000010110010,,0100000010101100110101100001100100000010000000000000000000000100000010011000011010110011010100000010,Plane Strain,911045524,319145933,911045524,0,0,234531377,Verowhite,2963290579,1459531181,2963290579,0,0,751879699,Tangleblack,34228188,32885906,34228188,0,0,671141
C4v,10,10,000000010110011,,1100000011101100110101100001100100000010000000000000000000000100000010011000011010110011011100000011,Plane Strain,839547275,323393150,839547275,0,0,225972663,Verowhite,2963290579,1459531181,2963290579,0,0,751879699,Tangleblack,34228188,32885906,34228188,0,0,671141
C4v,10,10,000000010110100,,0000000000011100111001100001100100000010000000000000000000000100000010011000011001110011100000000000,Plane Strain,1249341943,404463977,1249341943,0,0,218844196,Verowhite,2963290579,1459531181,2963290579,0,0,751879699,Tangleblack,34228188,32885906,34228188,0,0,671141
C4v,10,10,000000010110101,,1000000001011100111001100001100100000010000000000000000000000100000010011000011001110011101000000001,Plane Strain,953941919,348260376,953941919,0,0,208690682,Verowhite,2963290579,1459531181,2963290579,0,0,751879699,Tangleblack,34228188,32885906,34228188,0,0,671141
C4v,10,10,000000010110110,,0100000010111100111101100001100100000010000000000000000000000100000010011000011011110011110100000010,Plane Strain,708026883,186561715,708026883,0,0,61919578,Verowhite,2963290579,1459531181,2963290579,0,0,751879699,Tangleblack,34228188,32885906,34228188,0,0,671141
C4v,10,10,000000010110111,,1100000011111100111101100001100100000010000000000000000000000100000010011000011011110011111100000011,Plane Strain,695976036,181556197,695976036,0,0,61508882,Verowhite,2963290579,1459531181,2963290579,0,0,751879699,Tangleblack,34228188,32885906,34228188,0,0,671141
C4v,10,10,000000010111000,,0010000100001100110011100001110100000010000000000000000000000100000010111000011100110011000010000100,Plane Strain,716962845,195188830,716962845,0,0,51745714,Verowhite,2963290579,1459531181,2963290579,0,0,751879699,Tangleblack,34228188,32885906,34228188,0,0,671141
C4v,10,10,000000010111001,,1010000101001100110011100001110100000010000000000000000000000100000010111000011100110011001010000101,Plane Strain,715607956,194166250,715607956,0,0,51607992,Verowhite,2963290579,1459531181,2963290579,0,0,751879699,Tangleblack,34228188,32885906,34228188,0,0,671141
C4v,10,10,000000010111010,,0110000110101100110111100001110100000010000000000000000000000100000010111000011110110011010110000110,Plane Strain,697867865,184049504,697867865,0,0,51262560,Verowhite,2963290579,1459531181,2963290579,0,0,751879699,Tangleblack,34228188,32885906,34228188,0,0,671141
C4v,10,10,000000010111011,,1110000111101100110111100001110100000010000000000000000000000100000010111000011110110011011110000111,Plane Strain,688199211,175577405,688199211,0,0,49758379,Verowhite,2963290579,1459531181,2963290579,0,0,751879699,Tangleblack,34228188,32885906,34228188,0,0,671141
C4v,10,10,000000010111100,,0010000100011100111011100001110100000010000000000000000000000100000010111000011101110011100010000100,Plane Strain,705859748,187171177,705859748,0,0,50903548,Verowhite,2963290579,1459531181,2963290579,0,0,751879699,Tangleblack,34228188,32885906,34228188,0,0,671141
C4v,10,10,000000010111101,,1010000101011100111011100001110100000010000000000000000000000100000010111000011101110011101010000101,Plane Strain,704243136,186023680,704243136,0,0,50394395,Verowhite,2963290579,1459531181,2963290579,0,0,751879699,Tangleblack,34228188,32885906,34228188,0,0,671141
C4v,10,10,000000010111110,,0110000110111100111111100001110100000010000000000000000000000100000010111000011111110011110110000110,Plane Strain,688312220,175280102,688312220,0,0,49200548,Verowhite,2963290579,1459531181,2963290579,0,0,751879699,Tangleblack,34228188,32885906,34228188,0,0,671141
C4v,10,10,000000010111111,,1110000111111100111111100001110100000010000000000000000000000100000010111000011111110011111110000111,Plane Strain,682797161,170557527,682797161,0,0,49160045,Verowhite,2963290579,1459531181,2963290579,0,0,751879699,Tangleblack,34228188,32885906,34228188,0,0,671141
C4v,10,10,000000011000000,,0001001000000100100000000000001100000011000000000000000000001100000011000000000000010010000001001000,Plane Strain,1515721590,600023603,1515721590,0,0,398947396,Verowhite,2963290579,1459531181,2963290579,0,0,751879699,Tangleblack,34228188,32885906,34228188,0,0,671141
C4v,10,10,000000011000001,,1001001001000100100000000000001100000011000000000000000000001100000011000000000000010010001001001001,Plane Strain,1455232761,539726188,1455232761,0,0,268168109,Verowhite,2963290579,1459531181,2963290579,0,0,751879699,Tangleblack,34228188,32885906,34228188,0,0,671141
C4v,10,10,000000011000010,,0101001010100100100100000000001100000011000000000000000000001100000011000000000010010010010101001010,Plane Strain,1341728839,450762678,1341728839,0,0,230741360,Verowhite,2963290579,1459531181,2963290579,0,0,751879699,Tangleblack,34228188,32885906,34228188,0,0,671141
C4v,10,10,000000011000011,,1101001011100100100100000000001100000011000000000000000000001100000011000000000010010010011101001011,Plane Strain,1258420611,379687759,1258420611,0,0,114041736,Verowhite,2963290579,1459531181,2963290579,0,0,751879699,Tangleblack,34228188,32885906,34228188,0,0,671141
C4v,10,10,000000011000100,,0001001000010100101000000000001100000011000000000000000000001100000011000000000001010010100001001000,Plane Strain,1378480623,488732356,1378480623,0,0,313224339,Verowhite,2963290579,1459531181,2963290579,0,0,751879699,Tangleblack,34228188,32885906,34228188,0,0,671141
C4v,10,10,000000011000101,,1001001001010100101000000000001100000011000000000000000000001100000011000000000001010010101001001001,Plane Strain,1332286971,447234379,1332286971,0,0,233886927,Verowhite,2963290579,1459531181,2963290579,0,0,751879699,Tangleblack,34228188,32885906,34228188,0,0,671141
C4v,10,10,000000011000110,,0101001010110100101100000000001100000011000000000000000000001100000011000000000011010010110101001010,Plane Strain,1228995842,361161066,1228995842,0,0,74995668,Verowhite,2963290579,1459531181,2963290579,0,0,751879699,Tangleblack,34228188,32885906,34228188,0,0,671141
C4v,10,10,000000011000111,,1101001011110100101100000000001100000011000000000000000000001100000011000000000011010010111101001011,Plane Strain,1221876283,354790434,1221876283,0,0,73669364,Verowhite,2963290579,1459531181,2963290579,0,0,751879699,Tangleblack,34228188,32885906,34228188,0,0,671141
